{"cameraMode":{"drawMode":0,"name":"Shaded","section":"Shading Mode"},"sceneLighting":true,"audioPlay":false,"sceneViewState":{"showFog":true,"showMaterialUpdate":true,"showSkybox":true,"showFlares":true,"showImageEffects":true,"showParticleSystems":true},"in2DMode":false,"pivot":{"x":17.288925170898439,"y":-27.57221221923828,"z":-101.69792175292969},"rotation":{"x":-0.36977463960647585,"y":-0.42136678099632265,"z":0.19352422654628755,"w":-0.8052352070808411},"size":389.45306396484377,"orthographic":false}