{"cameraMode":{"drawMode":0,"name":"Shaded","section":"Shading Mode"},"sceneLighting":false,"audioPlay":false,"sceneViewState":{"showFog":true,"showMaterialUpdate":true,"showSkybox":false,"showFlares":true,"showImageEffects":true,"showParticleSystems":true},"in2DMode":false,"pivot":{"x":-14.501717567443848,"y":3.6715261936187746,"z":-1.871679425239563},"rotation":{"x":-0.326880544424057,"y":-0.004827204626053572,"z":0.0016792633105069399,"w":-0.9450687766075134},"size":3.600343704223633,"orthographic":false}