{"cameraMode":{"drawMode":0,"name":"Shaded","section":"Shading Mode"},"sceneLighting":false,"audioPlay":false,"sceneViewState":{"showFog":true,"showMaterialUpdate":true,"showSkybox":false,"showFlares":true,"showImageEffects":true,"showParticleSystems":true},"in2DMode":false,"pivot":{"x":3.25,"y":0.690000057220459,"z":-0.6433224678039551},"rotation":{"x":-0.3760141134262085,"y":0.007775329984724522,"z":-0.003150620963424444,"w":-0.9265902042388916},"size":20.310382843017579,"orthographic":false}