{"cameraMode":{"drawMode":0,"name":"Shaded","section":"Shading Mode"},"sceneLighting":true,"audioPlay":false,"sceneViewState":{"showFog":true,"showMaterialUpdate":true,"showSkybox":true,"showFlares":true,"showImageEffects":true,"showParticleSystems":true},"in2DMode":false,"pivot":{"x":-14.520000457763672,"y":0.9100000858306885,"z":-1.3899999856948853},"rotation":{"x":-0.32728174328804018,"y":0.07444358617067337,"z":-0.025864003226161004,"w":-0.9416516423225403},"size":19.889848709106447,"orthographic":false}