{"cameraMode":{"drawMode":0,"name":"Shaded","section":"Shading Mode"},"sceneLighting":false,"audioPlay":false,"sceneViewState":{"showFog":true,"showMaterialUpdate":true,"showSkybox":false,"showFlares":true,"showImageEffects":true,"showParticleSystems":true},"in2DMode":false,"pivot":{"x":-14.501717567443848,"y":3.6715261936187746,"z":-1.871679425239563},"rotation":{"x":-0.05823430418968201,"y":0.0891190841794014,"z":-0.005218359176069498,"w":-0.9943230748176575},"size":11.702167510986329,"orthographic":false}