{"cameraMode":{"drawMode":0,"name":"Shaded","section":"Shading Mode"},"sceneLighting":false,"audioPlay":false,"sceneViewState":{"showFog":true,"showMaterialUpdate":true,"showSkybox":false,"showFlares":true,"showImageEffects":true,"showParticleSystems":true},"in2DMode":false,"pivot":{"x":13.119999885559082,"y":0.9100000858306885,"z":-1.3899998664855958},"rotation":{"x":-0.32728174328804018,"y":0.07444358617067337,"z":-0.025864003226161004,"w":-0.9416516423225403},"size":15.83267593383789,"orthographic":false}