{"cameraMode":{"drawMode":0,"name":"Shaded","section":"Shading Mode"},"sceneLighting":true,"audioPlay":false,"sceneViewState":{"showFog":true,"showMaterialUpdate":true,"showSkybox":true,"showFlares":true,"showImageEffects":true,"showParticleSystems":true},"in2DMode":false,"pivot":{"x":-1.9386918544769288,"y":3.7410168647766115,"z":-1.4288749694824219},"rotation":{"x":-0.2205285131931305,"y":-0.21363842487335206,"z":0.04960046708583832,"w":-0.9504375457763672},"size":25.198806762695314,"orthographic":false}