{"cameraMode":{"drawMode":0,"name":"Shaded","section":"Shading Mode"},"sceneLighting":true,"audioPlay":false,"sceneViewState":{"showFog":true,"showMaterialUpdate":true,"showSkybox":true,"showFlares":true,"showImageEffects":true,"showParticleSystems":true},"in2DMode":false,"pivot":{"x":-3.5462777614593508,"y":-0.4555591642856598,"z":-10.623666763305664},"rotation":{"x":-0.34775465726852419,"y":-0.17078661918640138,"z":0.06459372490644455,"w":-0.9197092056274414},"size":42.11671829223633,"orthographic":false}