{"cameraMode":{"drawMode":0,"name":"Shaded","section":"Shading Mode"},"sceneLighting":false,"audioPlay":false,"sceneViewState":{"showFog":true,"showMaterialUpdate":true,"showSkybox":false,"showFlares":true,"showImageEffects":true,"showParticleSystems":true},"in2DMode":false,"pivot":{"x":-4.375486850738525,"y":1.3899998664855958,"z":1.8315818309783936},"rotation":{"x":-0.2205285131931305,"y":-0.21363842487335206,"z":0.04960046708583832,"w":-0.9504375457763672},"size":4.0416579246521,"orthographic":false}