{"cameraMode":{"drawMode":0,"name":"Shaded","section":"Shading Mode"},"sceneLighting":false,"audioPlay":false,"sceneViewState":{"showFog":true,"showMaterialUpdate":true,"showSkybox":false,"showFlares":true,"showImageEffects":true,"showParticleSystems":true},"in2DMode":false,"pivot":{"x":-1.8499999046325684,"y":0.6899999976158142,"z":-0.6433224678039551},"rotation":{"x":-0.36977463960647585,"y":-0.42136678099632265,"z":0.19352422654628755,"w":-0.8052352070808411},"size":1.4852994680404664,"orthographic":false}